{
  "token_acc":1.0,
  "tag_acc":0.0,
  "dep_uas":0.092221548,
  "dep_las":0.0,
  "ents_p":0.0,
  "ents_r":0.0,
  "ents_f":0.0,
  "cats_score":0.9763896272,
  "sents_p":1.0,
  "sents_r":1.0,
  "sents_f":1.0,
  "speed":13120.6196858096,
  "dep_las_per_type":{
    "":{
      "p":0.0,
      "r":0.0,
      "f":0.0
    },
    "nsubj":{
      "p":0.0,
      "r":0.0,
      "f":0.0
    },
    "root":{
      "p":0.0,
      "r":0.0,
      "f":0.0
    }
  },
  "cats_f_per_type":{
    "negative":{
      "p":0.9847908745,
      "r":0.5367875648,
      "f":0.6948356808
    },
    "somewhat negative":{
      "p":0.967325228,
      "r":0.6429292929,
      "f":0.7724514563
    },
    "neutral":{
      "p":0.9880952381,
      "r":0.5016789792,
      "f":0.6654788419
    },
    "positive":{
      "p":0.981741573,
      "r":0.6062445794,
      "f":0.7495978552
    },
    "somewhat positive":{
      "p":0.9591567852,
      "r":0.696984203,
      "f":0.8073191017
    }
  },
  "cats_auc_per_type":{
    "negative":0.9808746448,
    "somewhat negative":0.9764240899,
    "neutral":0.9738299602,
    "positive":0.9770043128,
    "somewhat positive":0.9738151283
  }
}