{
  "token_acc":1.0,
  "tag_acc":0.0,
  "dep_uas":0.092221548,
  "dep_las":0.0,
  "ents_p":0.0,
  "ents_r":0.0,
  "ents_f":0.0,
  "cats_score":0.9762523999,
  "sents_p":1.0,
  "sents_r":1.0,
  "sents_f":1.0,
  "speed":13172.6198130135,
  "dep_las_per_type":{
    "":{
      "p":0.0,
      "r":0.0,
      "f":0.0
    },
    "nsubj":{
      "p":0.0,
      "r":0.0,
      "f":0.0
    },
    "root":{
      "p":0.0,
      "r":0.0,
      "f":0.0
    }
  },
  "cats_f_per_type":{
    "negative":{
      "p":0.9848197343,
      "r":0.5378238342,
      "f":0.6957104558
    },
    "somewhat negative":{
      "p":0.966641395,
      "r":0.6439393939,
      "f":0.7729615035
    },
    "neutral":{
      "p":0.9880952381,
      "r":0.5016789792,
      "f":0.6654788419
    },
    "positive":{
      "p":0.9817927171,
      "r":0.6079791847,
      "f":0.7509373326
    },
    "somewhat positive":{
      "p":0.9586070959,
      "r":0.6984202968,
      "f":0.8080864027
    }
  },
  "cats_auc_per_type":{
    "negative":0.9806901205,
    "somewhat negative":0.9762415677,
    "neutral":0.9737737862,
    "positive":0.9768463555,
    "somewhat positive":0.9737101695
  }
}