{
  "token_acc":null,
  "token_p":null,
  "token_r":null,
  "token_f":null,
  "spans_sc_p":0.7562334996,
  "spans_sc_r":0.4709535988,
  "spans_sc_f":0.5804345379,
  "spans_sc_per_type":{
    "DNA":{
      "p":0.6958525346,
      "r":0.3603818616,
      "f":0.4748427673
    },
    "protein":{
      "p":0.772815534,
      "r":0.5192433138,
      "f":0.6211470933
    },
    "cell_line":{
      "p":0.773255814,
      "r":0.303652968,
      "f":0.4360655738
    },
    "cell_type":{
      "p":0.7596741344,
      "r":0.6175496689,
      "f":0.6812785388
    },
    "RNA":{
      "p":0.7714285714,
      "r":0.247706422,
      "f":0.375
    }
  },
  "speed":18556.3085832402
}