{
  "token_acc":0.9979196923,
  "token_p":0.9662749706,
  "token_r":0.9829853363,
  "token_f":0.9745585272,
  "pos_acc":0.9195659559,
  "morph_acc":0.9220039568,
  "morph_micro_p":0.936653441,
  "morph_micro_r":0.9253852393,
  "morph_micro_f":0.9309852451,
  "morph_per_feat":{
    "PronType":{
      "p":0.9904045643,
      "r":0.9832646756,
      "f":0.9868217054
    },
    "Number":{
      "p":0.925415677,
      "r":0.9026876738,
      "f":0.9139103917
    },
    "Mood":{
      "p":0.9279553526,
      "r":0.9158738107,
      "f":0.921875
    },
    "Tense":{
      "p":0.9064718163,
      "r":0.9171947613,
      "f":0.911801764
    },
    "VerbForm":{
      "p":0.9077705156,
      "r":0.9040501446,
      "f":0.9059065104
    },
    "Gender":{
      "p":0.9920634921,
      "r":0.974025974,
      "f":0.9829619921
    },
    "Person":{
      "p":0.9777960526,
      "r":0.9682410423,
      "f":0.97299509
    },
    "Poss":{
      "p":0.9937106918,
      "r":0.9937106918,
      "f":0.9937106918
    },
    "Definite":{
      "p":0.9993485342,
      "r":0.9973992198,
      "f":0.9983729255
    },
    "Degree":{
      "p":0.8638713383,
      "r":0.8574686431,
      "f":0.860658083
    },
    "Case":{
      "p":0.9603399433,
      "r":0.9535864979,
      "f":0.9569513056
    },
    "NumType":{
      "p":0.9382239382,
      "r":0.8836363636,
      "f":0.9101123596
    },
    "Voice":{
      "p":0.5462184874,
      "r":0.8333333333,
      "f":0.6598984772
    },
    "Typo":{
      "p":0.0,
      "r":0.0,
      "f":0.0
    },
    "Abbr":{
      "p":0.8571428571,
      "r":0.4285714286,
      "f":0.5714285714
    },
    "Foreign":{
      "p":0.0,
      "r":0.0,
      "f":0.0
    },
    "Reflex":{
      "p":1.0,
      "r":0.75,
      "f":0.8571428571
    }
  },
  "speed":42617.8404991012
}