{
  "token_acc":1.0,
  "token_p":1.0,
  "token_r":1.0,
  "token_f":1.0,
  "ents_p":0.7677984666,
  "ents_r":0.8160651921,
  "ents_f":0.7911963883,
  "ents_per_type":{
    "BENEFIT":{
      "p":0.7345360825,
      "r":0.8558558559,
      "f":0.7905686546
    },
    "CONDITION":{
      "p":0.7923809524,
      "r":0.7908745247,
      "f":0.7916270219
    }
  },
  "speed":21326.9067377581
}