{
  "token_acc":1.0,
  "token_p":1.0,
  "token_r":1.0,
  "token_f":1.0,
  "ents_p":0.7970557308,
  "ents_r":0.8824214203,
  "ents_f":0.8375690608,
  "ents_per_type":{
    "BENEFIT":{
      "p":0.7748691099,
      "r":0.8888888889,
      "f":0.827972028
    },
    "CONDITION":{
      "p":0.8119507909,
      "r":0.8783269962,
      "f":0.8438356164
    }
  },
  "speed":10705.4741125961
}