{
  "token_acc":1.0,
  "token_p":1.0,
  "token_r":1.0,
  "token_f":1.0,
  "spans_health_aspects_p":0.7979924718,
  "spans_health_aspects_r":0.7403958091,
  "spans_health_aspects_f":0.768115942,
  "spans_health_aspects_per_type":{
    "BENEFIT":{
      "p":0.7749287749,
      "r":0.8168168168,
      "f":0.7953216374
    },
    "CONDITION":{
      "p":0.8161434978,
      "r":0.6920152091,
      "f":0.7489711934
    }
  },
  "speed":4935.9362421504
}