{
  "token_acc":null,
  "token_p":null,
  "token_r":null,
  "token_f":null,
  "ents_p":0.8554216867,
  "ents_r":0.6513761468,
  "ents_f":0.7395833333,
  "ents_per_type":{
    "RNA":{
      "p":0.8554216867,
      "r":0.6513761468,
      "f":0.7395833333
    }
  },
  "speed":3297.1903399743
}