{
  "token_acc":null,
  "token_p":null,
  "token_r":null,
  "token_f":null,
  "ents_p":0.7384615385,
  "ents_r":0.5673758865,
  "ents_f":0.6417112299,
  "ents_per_type":{
    "cell_line":{
      "p":0.7384615385,
      "r":0.5673758865,
      "f":0.6417112299
    }
  },
  "speed":949.857630105
}